,Name,Company,Nrew,Price,IMLINK,Link,Rating
0,6-Pack Face Masks // Face Masks with Filter Pocket // Soft Cotton Face Mask // Face Masks for Women and Men / Face Masks Adult // Face Masks,Ad by FunkandChill,"(4,436)",29.95,https://i.etsystatic.com/10701776/d/il/90fa10/2389366409/il_340x270.2389366409_h3jj.jpg?version=0,https://www.etsy.com/in-en/listing/809556965/6-pack-face-masks-face-masks-with-filter?ga_order=most_relevant&ga_search_type=all&ga_view_type=gallery&ga_search_query=Face+masks&ref=sc_gallery-1-1&plkey=9539f22390541d1e6b857cd37140a37b58d5f577%3A809556965&bes=1,5.0
1,Poppy mask poppy face mask poppy appeal lest we foget,Ad by GetItPersonalisedUK,(92),6.83,https://i.etsystatic.com/24753855/d/il/69f2b9/2652162697/il_340x270.2652162697_phvj.jpg?version=0,https://www.etsy.com/in-en/listing/873571800/poppy-mask-poppy-face-mask-poppy-appeal?ga_order=most_relevant&ga_search_type=all&ga_view_type=gallery&ga_search_query=Face+masks&ref=sc_gallery-1-2&plkey=a9796e6b204acf955b5139f9ca0a521a6ed7063c%3A873571800&frs=1&bes=1,4.5
2,Anti-Fog Clear Window Face Mask - Adult Navy Blue,Ad by ShowMySmile,(274),14.99,https://i.etsystatic.com/23589937/d/il/6ae658/2554146157/il_340x270.2554146157_cd8i.jpg?version=0,https://www.etsy.com/in-en/listing/839181700/anti-fog-clear-window-face-mask-adult?ga_order=most_relevant&ga_search_type=all&ga_view_type=gallery&ga_search_query=Face+masks&ref=sc_gallery-1-3&plkey=38d2f712499c086b47a9e62c40033f49a26507b2%3A839181700&bes=1,4.0
3,"Same Day Dispatch MADE IN UK Face Mask, Silk Satin Face Mask, Double Layered Mask, Fabric Washable and Reusable Mask, Cloth Face Mask",Ad by GoldenxHour,"(4,068)",11.64,https://i.etsystatic.com/21703996/c/2000/1589/0/495/il/00cbee/2669876597/il_340x270.2669876597_qhye.jpg,https://www.etsy.com/in-en/listing/804173442/same-day-dispatch-made-in-uk-face-mask?ga_order=most_relevant&ga_search_type=all&ga_view_type=gallery&ga_search_query=Face+masks&ref=sc_gallery-1-4&plkey=a5e8b4bef9648eaa4fb8d43b40b0a6c8212b0b34%3A804173442&bes=1&col=1,4.5
4,"Face Mask with Nose Wire, Filter Pocket, Made in USA, Washable, Solid Colors, 100% Cotton, Reusable, Breathable, Triple layers, Black, Adult",Ad by LittleWillowBunny,"(1,794)",9.99,https://i.etsystatic.com/23224361/d/il/22eae3/2525507279/il_340x270.2525507279_58ma.jpg?version=0,https://www.etsy.com/in-en/listing/848594752/face-mask-with-nose-wire-filter-pocket?ga_order=most_relevant&ga_search_type=all&ga_view_type=gallery&ga_search_query=Face+masks&ref=sc_gallery-1-5&plkey=39d5e2eae30e1395b75c617fe99d67eea72b55eb%3A848594752&bes=1&col=1,5.0
5,Reusable Cloth face mask Naturally dyed Cotton mask (price for each one) Earthy tones Gender Neutral Plant dyed mask Male Female Adult size,Eloiseetmoi,(704),15.00,https://i.etsystatic.com/19465703/c/2000/1589/0/1102/il/f5b3c2/2526440984/il_340x270.2526440984_3vgu.jpg,https://www.etsy.com/in-en/listing/789088746/reusable-cloth-face-mask-naturally-dyed?ga_order=most_relevant&ga_search_type=all&ga_view_type=gallery&ga_search_query=Face+masks&ref=sr_gallery-1-1&organic_search_click=1&bes=1&col=1,5.0
6,"Embroidered Face Mask with filter pocket, Pastel face mask, Breathable Linen Face Mask",EarthNativ,(14),7.94,https://i.etsystatic.com/24835677/d/il/76ab59/2606489480/il_340x270.2606489480_mntx.jpg?version=0,https://www.etsy.com/in-en/listing/863679031/embroidered-face-mask-with-filter-pocket?ga_order=most_relevant&ga_search_type=all&ga_view_type=gallery&ga_search_query=Face+masks&ref=sr_gallery-1-2&organic_search_click=1&bes=1,5.0
7,Sparkly Christmas Holiday Glitter Red Green Adult Face Mask Handmade Reusable 3 Layered Adjustable Strap NO FILTER POCKET,peachcrafted,(258),10.00,https://i.etsystatic.com/24670159/d/il/844b79/2593243650/il_340x270.2593243650_hqaw.jpg?version=0,https://www.etsy.com/in-en/listing/873788016/sparkly-christmas-holiday-glitter-red?ga_order=most_relevant&ga_search_type=all&ga_view_type=gallery&ga_search_query=Face+masks&ref=sr_gallery-1-3&organic_search_click=1&bes=1&col=1,5.0
8,Face Masks - Stanford University,TheSewingLife,"(2,953)",10.00,https://i.etsystatic.com/21051538/d/il/1ab72b/2595364404/il_340x270.2595364404_6w8k.jpg?version=0,https://www.etsy.com/in-en/listing/874271794/face-masks-stanford-university?ga_order=most_relevant&ga_search_type=all&ga_view_type=gallery&ga_search_query=Face+masks&ref=sr_gallery-1-4&organic_search_click=1&col=1,5.0
9,"Christmas Embroidered Face Mask, Christmas and New Year Gifts, Winter Face Covering, Breathable Mask with Filter Pocket, Unique Holiday Gift",theWhiteTreedesigns,(137),15.99,https://i.etsystatic.com/23490095/d/il/24062e/2668398393/il_340x270.2668398393_tocx.jpg?version=0,https://www.etsy.com/in-en/listing/894626517/christmas-embroidered-face-mask?ga_order=most_relevant&ga_search_type=all&ga_view_type=gallery&ga_search_query=Face+masks&ref=sr_gallery-1-5&organic_search_click=1&frs=1,5.0
10,Facemask Face mask Quarantine Vector Clipart - SVG - Digital Download,WorldOfJDM,"(1,042)",1.30,https://i.etsystatic.com/20580668/d/il/082cb4/2332515008/il_340x270.2332515008_1et6.jpg?version=0,https://www.etsy.com/in-en/listing/801799576/facemask-face-mask-quarantine-vector?ga_order=most_relevant&ga_search_type=all&ga_view_type=gallery&ga_search_query=Face+masks&ref=sr_gallery-1-6&organic_search_click=1&bes=1,5.0
11,Face Mask Cloth Reusable Adult M&M M and M Cotton beautiful nature,JuliettCrochet,(109),15.00,https://i.etsystatic.com/21589210/d/il/d8d930/2368294542/il_340x270.2368294542_6dd5.jpg?version=0,https://www.etsy.com/in-en/listing/882557838/face-mask-cloth-reusable-adult-mm-m-and?ga_order=most_relevant&ga_search_type=all&ga_view_type=gallery&ga_search_query=Face+masks&ref=sr_gallery-1-7&organic_search_click=1,4.5
12,Mickey Hands Face Mask with filter pocket Includes 2 PM 2.5 Filters,ClothingStars,"(1,103)",16.99,https://i.etsystatic.com/17453857/d/il/cbd416/2311755264/il_340x270.2311755264_7c20.jpg?version=0,https://www.etsy.com/in-en/listing/798626230/mickey-hands-face-mask-with-filter?ga_order=most_relevant&ga_search_type=all&ga_view_type=gallery&ga_search_query=Face+masks&ref=sr_gallery-1-8&organic_search_click=1,4.5
13,Coheed and Cambria Keywork Reusable Face Mask - Coheed Mask - Reusable Face Mask - Face Mask with Filter - Mask - Music,SnapShopxLi,(138),13.00,https://i.etsystatic.com/20977912/c/1420/1128/0/764/il/bb5530/2539752413/il_340x270.2539752413_f6xk.jpg,https://www.etsy.com/in-en/listing/861455423/coheed-and-cambria-keywork-reusable-face?ga_order=most_relevant&ga_search_type=all&ga_view_type=gallery&ga_search_query=Face+masks&ref=sr_gallery-1-9&organic_search_click=1,5.0
14,"Face mask, washable, reusable Stars and Strips on white with red backing.",HomemadebyMimis,0,13.99,https://i.etsystatic.com/22942953/d/il/1a7bdb/2377308655/il_340x270.2377308655_ivge.jpg?version=0,https://www.etsy.com/in-en/listing/814801177/face-mask-washable-reusable-stars-and?ga_order=most_relevant&ga_search_type=all&ga_view_type=gallery&ga_search_query=Face+masks&ref=sr_gallery-1-10&organic_search_click=1,0.0
15,Face mask floral with filter pocket reusable 3 layers washable tropical flowers print face mask cotton anti dust mask adult women,EntrelacKnitwear,(161),11.90,https://i.etsystatic.com/20277569/d/il/caebab/2621972214/il_340x270.2621972214_kvnz.jpg?version=0,https://www.etsy.com/in-en/listing/880959196/face-mask-floral-with-filter-pocket?ga_order=most_relevant&ga_search_type=all&ga_view_type=gallery&ga_search_query=Face+masks&ref=sr_gallery-1-11&organic_search_click=1,4.5
16,Adult face mask covering Coldwater Ohio,shopbeccawenning,(1),12.00,https://i.etsystatic.com/17802538/d/il/89a9b7/2456650284/il_340x270.2456650284_1rio.jpg?version=0,https://www.etsy.com/in-en/listing/851579141/adult-face-mask-covering-coldwater-ohio?ga_order=most_relevant&ga_search_type=all&ga_view_type=gallery&ga_search_query=Face+masks&ref=sr_gallery-1-12&organic_search_click=1,5.0
17,Tutorials of 3D face mask; Boat-shaped; Face mask pattern; PDF; comfortable; Easy to make;With Filter Pocket;6 Sizes for Children and Adults,carey077,(554),3.47,https://i.etsystatic.com/5333671/d/il/3d9ebe/2297616453/il_340x270.2297616453_ajf1.jpg?version=0,https://www.etsy.com/in-en/listing/777286224/tutorials-of-3d-face-mask-boat-shaped?ga_order=most_relevant&ga_search_type=all&ga_view_type=gallery&ga_search_query=Face+masks&ref=sr_gallery-1-13&organic_search_click=1,5.0
18,"Face Mask of the Mackinac Bridge, one-size-fits-all fit, cloth face masks, 100% polyester, photographic artwork designs",RandyNyhofPhotos,(542),24.50,https://i.etsystatic.com/5980019/d/il/ed75e0/2289084424/il_340x270.2289084424_jkt1.jpg?version=0,https://www.etsy.com/in-en/listing/788832246/face-mask-of-the-mackinac-bridge-one?ga_order=most_relevant&ga_search_type=all&ga_view_type=gallery&ga_search_query=Face+masks&ref=sr_gallery-1-14&organic_search_click=1,5.0
19,Brutal honesty MASK Keeping it real mask Adult Tell It As It Is Mask mask Breathable Fabric - If my mouth doesn't say it my face will,Scandalodesign,(71),19.95,https://i.etsystatic.com/19318801/d/il/08db6d/2360368837/il_340x270.2360368837_f7rp.jpg?version=0,https://www.etsy.com/in-en/listing/795911374/brutal-honesty-mask-keeping-it-real-mask?ga_order=most_relevant&ga_search_type=all&ga_view_type=gallery&ga_search_query=Face+masks&ref=sr_gallery-1-15&organic_search_click=1&col=1,4.0
20,Tie Dye Face Mask Reusable and Washable Protective // Made in USA! Soft Cotton Breathable Fashionable,Ad by LoveLinax,"(5,173)",6.99,,https://www.etsy.com/in-en/listing/799623903/tie-dye-face-mask-reusable-and-washable?ga_order=most_relevant&ga_search_type=all&ga_view_type=gallery&ga_search_query=Face+masks&ref=sc_gallery-1-6&plkey=c87af5265db460c8a72a629e6986e9621aef8e97%3A799623903&bes=1&col=1,5.0
21,"100% Cotton Face Mask with Nose Wire // Soft, Men's, Women's, Kids, Adjustable Ears Straps/Loop, Washable & Reusable, Filter Pocket",Ad by CocktailCritters,"(6,303)",US$ 6.29,,https://www.etsy.com/in-en/listing/803584276/100-cotton-face-mask-with-nose-wire-soft?ga_order=most_relevant&ga_search_type=all&ga_view_type=gallery&ga_search_query=Face+masks&ref=sc_gallery-1-7&plkey=0387db7d23f822d6214bd7a0425ba24ae0948512%3A803584276&pro=1,5.0
22,UNISEX Face Mask | Extra Bling Bling |Super Shine Crystals | 2 Layers | Filter Pocket | 1 Free Filter | USA Seller | Ships in 1 Business Day,Ad by FrigateImports,(132),9.99,,https://www.etsy.com/in-en/listing/844762582/unisex-face-mask-extra-bling-bling-super?ga_order=most_relevant&ga_search_type=all&ga_view_type=gallery&ga_search_query=Face+masks&ref=sc_gallery-1-8&plkey=f0ca9a7e8c82185388242524aabc5b77eacfa6ea%3A844762582&bes=1&col=1,5.0
23,"Face Shield Mask, Full Face Mask, Hooded Face Shield, Face Shield, Face Mask Adults, Face Mask Washable, Face Shield Hat, Head Mask, GIZDA",Ad by gizda,"(4,451)",54.35,,https://www.etsy.com/in-en/listing/872187996/face-shield-mask-full-face-mask-hooded?ga_order=most_relevant&ga_search_type=all&ga_view_type=gallery&ga_search_query=Face+masks&ref=sc_gallery-1-9&plkey=f78cd9c9a43a66e1e81f41cbba2723515c23537b%3A872187996&bes=1&col=1,5.0
24,Black Silk Face Mask - Designer Face Mask - Reusable Face Mask - Neutral Face Mask - Trendy Mask - Face Mask - Black Mask - Vote Mask,Ad by TheMelodyFace,(284),US$ 10.02,,https://www.etsy.com/in-en/listing/856364717/black-silk-face-mask-designer-face-mask?ga_order=most_relevant&ga_search_type=all&ga_view_type=gallery&ga_search_query=Face+masks&ref=sc_gallery-1-10&plkey=fd3196578f6a36b1fae123e19238758ed44067a7%3A856364717&pro=1&col=1,5.0
25,"Unisex Face Covers, Adjustable Fabric Face Mask, Rabbit Mask, Animal Masks, Reusable Face Protection, Mask for Men, Mask for Women",VStickerClub,(37),8.77,https://i.etsystatic.com/23442503/d/il/bca5b6/2639413884/il_340x270.2639413884_epw5.jpg?version=0,https://www.etsy.com/in-en/listing/834884938/unisex-face-covers-adjustable-fabric?ga_order=most_relevant&ga_search_type=all&ga_view_type=gallery&ga_search_query=Face+masks&ref=sr_gallery-1-16&organic_search_click=1,4.0
26,Face Mask PDF Pattern - Four Different Sizes - Free Video Tutorial - Flexible nose wire & Filter Pocket too!,SewMuchMooreInStore,(730),1.17,https://i.etsystatic.com/10203229/c/1440/1144/0/73/il/413feb/2296513995/il_340x270.2296513995_b9aj.jpg,https://www.etsy.com/in-en/listing/778186370/face-mask-pdf-pattern-four-different?ga_order=most_relevant&ga_search_type=all&ga_view_type=gallery&ga_search_query=Face+masks&ref=sr_gallery-1-17&organic_search_click=1&bes=1,5.0
27,West Point Shield face mask,KidzShopCreations,(142),14.00,https://i.etsystatic.com/22904739/d/il/2ab33d/2418034676/il_340x270.2418034676_jtmz.jpg?version=0,https://www.etsy.com/in-en/listing/840536457/west-point-shield-face-mask?ga_order=most_relevant&ga_search_type=all&ga_view_type=gallery&ga_search_query=Face+masks&ref=sr_gallery-1-18&organic_search_click=1,5.0
28,The Kitty Cat & Seigaiha Wave Face Mask (100% COTTON),AmoraLily,(11),19.99,https://i.etsystatic.com/23499648/d/il/6377c9/2493490244/il_340x270.2493490244_b7t1.jpg?version=0,https://www.etsy.com/in-en/listing/857583739/the-kitty-cat-seigaiha-wave-face-mask?ga_order=most_relevant&ga_search_type=all&ga_view_type=gallery&ga_search_query=Face+masks&ref=sr_gallery-1-19&organic_search_click=1,5.0
29,"Face Mask Template SVG, 4 Shapes Sublimation PNG, Laser Dxf Cut File Digital Download",GigiPrintArt,(58),US$ 2.83,https://i.etsystatic.com/15943590/d/il/3604bb/2549514258/il_340x270.2549514258_rsgv.jpg?version=0,https://www.etsy.com/in-en/listing/873785181/face-mask-template-svg-4-shapes?ga_order=most_relevant&ga_search_type=all&ga_view_type=gallery&ga_search_query=Face+masks&ref=sr_gallery-1-20&organic_search_click=1&pro=1,5.0
30,TIE DYE Face Masks | Reusable Face Mask | Face Mask Made in USA | Mommy and me face mask | adult and kids face mask | kids face mask |,LittleMiaBella,"(10,336)",6.00,https://i.etsystatic.com/12190780/d/il/6974dc/2325256148/il_340x270.2325256148_anjo.jpg?version=0,https://www.etsy.com/in-en/listing/799685264/tie-dye-face-masks-reusable-face-mask?ga_order=most_relevant&ga_search_type=all&ga_view_type=gallery&ga_search_query=Face+masks&ref=sr_gallery-1-21&organic_search_click=1&col=1,5.0
31,"Kids Cotton Face Mask Reusable and Washable, Child Face mask with Filter Pocket and Nose Wire, Cotton Face Cover, Youth Face Mask,",ThinkPinkBows,"(70,202)",US$ 4.97,https://i.etsystatic.com/6023004/d/il/9de4bc/2461327538/il_340x270.2461327538_k1sk.jpg?version=0,https://www.etsy.com/in-en/listing/838976038/kids-cotton-face-mask-reusable-and?ga_order=most_relevant&ga_search_type=all&ga_view_type=gallery&ga_search_query=Face+masks&ref=sr_gallery-1-22&organic_search_click=1&pro=1,5.0
32,"Face Mask COVER, Made in USA, Reusable Cotton Face Mask, Nose wire and filter pocket face mask - Washable Face Mask",HomeGoodsByEmma,"(1,641)",7.99,https://i.etsystatic.com/19683258/c/2000/1589/0/205/il/7a1c6f/2226891502/il_340x270.2226891502_stfz.jpg,https://www.etsy.com/in-en/listing/773163668/face-mask-cover-made-in-usa-reusable?ga_order=most_relevant&ga_search_type=all&ga_view_type=gallery&ga_search_query=Face+masks&ref=sr_gallery-1-23&organic_search_click=1&bes=1&col=1,4.0
33,"Baseball Yankees cotton face mask, Anti Dust mask, Reusable Face mask, Cotton Face Mask with Filter Slot, Reversible cotton face mask,",CandCSewCrafts,(977),10.50,https://i.etsystatic.com/22634055/d/il/cc2924/2254541196/il_340x270.2254541196_d4i6.jpg?version=0,https://www.etsy.com/in-en/listing/793400325/baseball-yankees-cotton-face-mask-anti?ga_order=most_relevant&ga_search_type=all&ga_view_type=gallery&ga_search_query=Face+masks&ref=sr_gallery-1-24&organic_search_click=1,5.0
34,Grenada Flag Face Mask Grenadian,FocalMasks,(63),6.83,https://i.etsystatic.com/23710666/d/il/225222/2530466081/il_340x270.2530466081_cc1b.jpg?version=0,https://www.etsy.com/in-en/listing/845016848/grenada-flag-face-mask-grenadian?ga_order=most_relevant&ga_search_type=all&ga_view_type=gallery&ga_search_query=Face+masks&ref=sr_gallery-1-25&organic_search_click=1&cns=1,4.5
35,"Face Mask, Filtered Face Mask, Washable Face Mask, Made in UK, Same Day Shipping, Unisex, Cotton, Reusable, Breathable",AlbaRosaGifts,"(1,776)",US$ 4.09,https://i.etsystatic.com/24202344/c/2400/1907/0/51/il/bc53fc/2414776226/il_340x270.2414776226_rqkk.jpg,https://www.etsy.com/in-en/listing/825715938/face-mask-filtered-face-mask-washable?ga_order=most_relevant&ga_search_type=all&ga_view_type=gallery&ga_search_query=Face+masks&ref=sr_gallery-1-26&organic_search_click=1&pro=1,5.0
36,"Children Face Mask, 3D printed Characters, Kids Face Mask, super cute, super high quality, 3 layers. Extra ear loops included.",TangibleComfy,"(2,936)",US$ 7.64,https://i.etsystatic.com/22947140/d/il/a75efe/2618674324/il_340x270.2618674324_igg8.jpg?version=0,https://www.etsy.com/in-en/listing/787740522/children-face-mask-3d-printed-characters?ga_order=most_relevant&ga_search_type=all&ga_view_type=gallery&ga_search_query=Face+masks&ref=sr_gallery-1-27&organic_search_click=1&pro=1&col=1,5.0
37,"Puggle Mask, Puggle Face Mask, Puggle Print Face Mask, Puggle Face Cover, Mask With Filter, Mask With Nose Wire, Washable, Reusable",HustlerDesignz,(135),16.95,https://i.etsystatic.com/23719394/d/il/f7817d/2423862038/il_340x270.2423862038_pgub.jpg?version=0,https://www.etsy.com/in-en/listing/842159193/puggle-mask-puggle-face-mask-puggle?ga_order=most_relevant&ga_search_type=all&ga_view_type=gallery&ga_search_query=Face+masks&ref=sr_gallery-1-28&organic_search_click=1,4.5
38,Borat face mask medical mask,Toiltrouble,(560),19.00,https://i.etsystatic.com/12914627/d/il/2bdec0/2566920294/il_340x270.2566920294_gplr.jpg?version=0,https://www.etsy.com/in-en/listing/866639804/borat-face-mask-medical-mask?ga_order=most_relevant&ga_search_type=all&ga_view_type=gallery&ga_search_query=Face+masks&ref=sr_gallery-1-29&organic_search_click=1&sca=1,5.0
39,Ask me about MEDICARE Fabric Face Mask,SpunkyPresentations,(1),11.99,https://i.etsystatic.com/21365284/d/il/cca98c/2549400397/il_340x270.2549400397_8qxy.jpg?version=0,https://www.etsy.com/in-en/listing/864049445/ask-me-about-medicare-fabric-face-mask?ga_order=most_relevant&ga_search_type=all&ga_view_type=gallery&ga_search_query=Face+masks&ref=sr_gallery-1-30&organic_search_click=1,5.0
40,Christmas Face Mask | Santa Masks | Snowflakes| Christmas Tree | Gingerbread Man | Over the Head | Around the Ears | Free Shipping,Ad by JenasysApparel,"(1,450)",US$ 8.49,,https://www.etsy.com/in-en/listing/876702973/christmas-face-mask-santa-masks?ga_order=most_relevant&ga_search_type=all&ga_view_type=gallery&ga_search_query=Face+masks&ref=sc_gallery-1-11&plkey=1888659bb6a1173ac9ec7a60ef9c9088bcf8ada8%3A876702973&pro=1&col=1,4.5
41,Menâ€™s Face Mask With Adjustable Straps- One Size Fits All- Made in USA- Reusable,Ad by Sundayritualdesign,"(2,564)",US$ 11.12,,https://www.etsy.com/in-en/listing/805714406/mens-face-mask-with-adjustable-straps?ga_order=most_relevant&ga_search_type=all&ga_view_type=gallery&ga_search_query=Face+masks&ref=sc_gallery-1-12&plkey=7757b31050cf202c0705164fc192eaaa27dac32d%3A805714406&pro=1&col=1,4.5
42,"Face Mask Chain, 100% Allergy Free Face Mask Lanyard, Tortoise Shell Face Mask Holder, Tortoise Face Mask Strap, Minimalist Face Mask Chains",Ad by DearSoho,"(6,327)",US$ 14.70,,https://www.etsy.com/in-en/listing/869857471/face-mask-chain-100-allergy-free-face?ga_order=most_relevant&ga_search_type=all&ga_view_type=gallery&ga_search_query=Face+masks&ref=sc_gallery-1-13&plkey=3f555fd8070dd8eb91e53bec1fe56e35ceb5a8c6%3A869857471&pro=1,5.0
43,Mulberry Silk Mask 4 layers Nose wire 100% SILK Mask Women's LUXURY SILK satin Face Mask Blush Pink Satin Mask More Colors,Ad by HigginsCreek,"(8,388)",15.50,,https://www.etsy.com/in-en/listing/866546109/mulberry-silk-mask-4-layers-nose-wire?ga_order=most_relevant&ga_search_type=all&ga_view_type=gallery&ga_search_query=Face+masks&ref=sc_gallery-1-14&plkey=aa267d39a7055eea2b0ad49f591925ad9c02d24d%3A866546109&bes=1,5.0
44,"Silk Face Mask, 100% Grade A Silk, Soft Breathable Mask, Washable Fabric Mask, Double Layered Cloth Mask, Reusable Mask, Made In The USA",Ad by shopkikijade,"(3,086)",US$ 14.99,,https://www.etsy.com/in-en/listing/851305297/silk-face-mask-100-grade-a-silk-soft?ga_order=most_relevant&ga_search_type=all&ga_view_type=gallery&ga_search_query=Face+masks&ref=sc_gallery-1-15&plkey=0ffa431c31e03926b0ea572227b5c070d8e3c149%3A851305297&pro=1&col=1,5.0
45,FAMU Face Mask with optional filter pocket 100% Cotton,AunJays,(70),12.99,https://i.etsystatic.com/22959674/d/il/54f503/2545630216/il_340x270.2545630216_mwjm.jpg?version=0,https://www.etsy.com/in-en/listing/787785418/famu-face-mask-with-optional-filter?ga_order=most_relevant&ga_search_type=all&ga_view_type=gallery&ga_search_query=Face+masks&ref=sr_gallery-1-31&organic_search_click=1&bes=1,5.0
46,Basic 2-Ply Face Mask (Non Medical),FightevilArmory,(240),3.00,https://i.etsystatic.com/17904206/d/il/dcc374/2383784403/il_340x270.2383784403_um9p.jpg?version=0,https://www.etsy.com/in-en/listing/816784813/basic-2-ply-face-mask-non-medical?ga_order=most_relevant&ga_search_type=all&ga_view_type=gallery&ga_search_query=Face+masks&ref=sr_gallery-1-32&organic_search_click=1,5.0
47,6-Pack Face Masks // Face Masks with Filter Pocket // Soft Cotton Face Mask // Face Masks for Women and Men / Face Masks Adult // Face Masks,FunkandChill,"(4,436)",29.95,https://i.etsystatic.com/10701776/d/il/90fa10/2389366409/il_340x270.2389366409_h3jj.jpg?version=0,https://www.etsy.com/in-en/listing/809556965/6-pack-face-masks-face-masks-with-filter?ga_order=most_relevant&ga_search_type=all&ga_view_type=gallery&ga_search_query=Face+masks&ref=sr_gallery-1-33&organic_search_click=1&bes=1,5.0
48,Fitted Cotton Face Mask - Extra Soft in Black,DaniElleMasks,(26),9.57,https://i.etsystatic.com/23791554/d/il/8415e9/2531844853/il_340x270.2531844853_pslz.jpg?version=0,https://www.etsy.com/in-en/listing/845378128/fitted-cotton-face-mask-extra-soft-in?ga_order=most_relevant&ga_search_type=all&ga_view_type=gallery&ga_search_query=Face+masks&ref=sr_gallery-1-34&organic_search_click=1,5.0
49,Custom Face Mask Filters Lady Comfortable Mask Earloop /Reusable Mask Outdoor Traveling Sport (Lunch Lady Crew),SunshineLifeDes,0,11.59,https://i.etsystatic.com/25035060/c/1639/1303/189/308/il/e3ce1c/2626192589/il_340x270.2626192589_pvzy.jpg,https://www.etsy.com/in-en/listing/883994279/custom-face-mask-filters-lady?ga_order=most_relevant&ga_search_type=all&ga_view_type=gallery&ga_search_query=Face+masks&ref=sr_gallery-1-35&organic_search_click=1&frs=1,0.0
50,Rainbow Rhinestone Face Mask | Bling Face Mask | Reusable and Washable | Includes Filter Pocket,MaBeauteBijoux,(197),5.00,https://i.etsystatic.com/16704209/d/il/c1fd39/2520037432/il_340x270.2520037432_ted5.jpg?version=1,https://www.etsy.com/in-en/listing/847055946/rainbow-rhinestone-face-mask-bling-face?ga_order=most_relevant&ga_search_type=all&ga_view_type=gallery&ga_search_query=Face+masks&ref=sr_gallery-1-36&organic_search_click=1&col=1,5.0
